<?xml version="1.0" encoding="UTF-8"?>
<project-private xmlns="http://www.netbeans.org/ns/project-private/1">
    <editor-bookmarks xmlns="http://www.netbeans.org/ns/editor-bookmarks/2" lastBookmarkId="0"/>
    <open-files xmlns="http://www.netbeans.org/ns/projectui-open-files/2">
        <group>
            <file>file:/C:/Users/1GLMEXA11/Desktop/Enunciado%20Examen%20Parsers/EjercicioParserDOM/src/ejercicioparserdom/ParserDOM.java</file>
            <file>file:/C:/Users/1GLMEXA11/Desktop/Enunciado%20Examen%20Parsers/EjercicioParserDOM/src/ejercicioparserdom/EjercicioParserDOM.java</file>
        </group>
    </open-files>
</project-private>
