<?xml version="1.0" encoding="UTF-8"?>
<project-private xmlns="http://www.netbeans.org/ns/project-private/1">
    <editor-bookmarks xmlns="http://www.netbeans.org/ns/editor-bookmarks/2" lastBookmarkId="0"/>
    <open-files xmlns="http://www.netbeans.org/ns/projectui-open-files/2">
        <group>
            <file>file:/C:/Users/1gprogexa02/Desktop/DanielBarragues/src/Modelo/UML/MultasAPersonas.java</file>
            <file>file:/C:/Users/1gprogexa02/Desktop/DanielBarragues/src/Modelo/BD/MultasBD.java</file>
            <file>file:/C:/Users/1gprogexa02/Desktop/DanielBarragues/src/Modelo/BD/ConexionBD.java</file>
            <file>file:/C:/Users/1gprogexa02/Desktop/DanielBarragues/src/Modelo/BD/MultasVehiculosBD.java</file>
            <file>file:/C:/Users/1gprogexa02/Desktop/DanielBarragues/src/Vistas/InsertarMulta.java</file>
            <file>file:/C:/Users/1gprogexa02/Desktop/DanielBarragues/src/Controlador/DanielBarragues.java</file>
            <file>file:/C:/Users/1gprogexa02/Desktop/DanielBarragues/src/Modelo/UML/MultasEstablecidas.java</file>
            <file>file:/C:/Users/1gprogexa02/Desktop/DanielBarragues/src/Vistas/ConsultarMultas.java</file>
            <file>file:/C:/Users/1gprogexa02/Desktop/DanielBarragues/src/Modelo/BD/ConsultaPropietarioBD.java</file>
        </group>
    </open-files>
</project-private>
